questId	tag	sim	local_v83_en	remote_en	remote_zh
1007	likely-same	0.98	Bigg's Collection of Items	Biggs's Collection of Items	比格斯的物品收集
1200	needs-review	0.09	Moon Bunny's Rice Cake	-	迎月花保护月妙组队任务
1201	needs-review	0.10	First Time Together	-	第一次同行
1202	needs-review	0.48	The Crack of Dimension	[Party Quest] Dimensional Schism	玩具城组队任务
1203	needs-review	0.10	Remnants of Goddess	-	女神塔组队任务
1204	likely-same	0.61	Lord Pirate	[Party Quest] Lord Pirate	海盗船组队任务
1205	likely-same	0.70	Romeo and Juliet	[Party Quest] Romeo and Juliet	拯救罗密欧和朱丽叶
1206	needs-review	0.09	Forest of Poison Haze	-	毒雾森林
1300	needs-review	0.07	Ariant Hunting Competition	-	阿里安特竞技大会
1301	needs-review	0.59	Monster Carnival	[Competitive Content] Monster Carnival	怪物嘉年华
1302	likely-same	0.69	The 2nd Monster Carnival	[Competitive Content] The 2nd Monster Carnival	第2届怪物嘉年华
2019	needs-review	0.58	A Clue to the Secret Book	[Sleepywood] Mr. Wetbottom's Secret Book	秘密之书
2020	likely-same	0.67	Hungry Ronnie	[Sleepywood] Hungry Ronnie	肚子饿的洛尼
2021	likely-same	0.73	Secret to Unagi Special	[Sleepywood] Unagi Special	特制烤鳗鱼
2023	likely-same	0.75	Returned Secret Book	[Sleepywood] Returned Secret Book	秘密之书回收
2024	count-drift	0.94	Collecting 100 Cursed Dolls	Collecting 50 Cursed Dolls	搜集50个诅咒人偶
2025	count-drift	0.94	Collecting 200 Cursed Dolls	Collecting 70 Cursed Dolls	搜集70个诅咒人偶
2026	count-drift	0.96	Collecting 400 Cursed Dolls	Collecting 100 Cursed Dolls	搜集100个诅咒人偶
2027	count-drift	0.93	Collecting 600 Cursed Dolls	Collecting 150 Cursed Dolls	搜集150个诅咒人偶
2028	count-drift	0.95	Collecting 1000 Cursed Dolls	Collecting 200 Cursed Dolls	搜集200个诅咒人偶
2047	likely-same	0.68	Hero's Gladius	[Sleepywood] Hero's Gladius	英雄的战剑
2048	likely-same	0.76	Rewakening the Gladius	[Sleepywood] Reawakening the Gladius	旧战剑唤醒办法
2050	needs-review	0.34	Sabitrama and the Diet Medicine	[Forest of Endurance] The Pink Anthurium	赫尔莎和粉红花束
2051	needs-review	0.29	Sabitrama's Anti-Aging Medicine	[Forest of Endurance] The Double-Rooted Red Ginseng	赫尔莎和强效红参
2052	likely-same	0.70	John's Pink Flower Basket	[Forest of Tenacity] John's Pink Flower Basket	约翰的粉红色花篮
2053	needs-review	0.57	John's Present	[Forest of Tenacity] John's Present	约翰准备的礼物
2054	likely-same	0.64	John's Last Present	[Forest of Tenacity] John's Last Present	约翰准备的最后礼物
2055	needs-review	0.60	Shumi's Lost Coin	[Construction Site B1] Shumi's Lost Coin	休咪丢失的金币
2056	needs-review	0.47	Shumi's Lost Bundle of Money	[Construction Site B2] Shumi's Lost Roll of Cash	休咪丢失的钞票
2057	needs-review	0.57	Shumi's Lost Sack of Money	[Construction Site B3] Shumi's Lost Sack of Cash	休咪丢失的钱包
2096	needs-review	0.44	A Spell that Seals Up a Critical Danger I	[Sleepywood] The Great Danger Seal I	封印住神秘危险之力的仪式 1
2097	needs-review	0.46	A Spell that Seals Up a Critical Danger II	[Sleepywood] The Great Danger Seal II	封印住神秘危险之力的仪式  2
2147	needs-review	0.19	스텀피의 묘목 기르기	Stumpy's Growing Tree	培育树妖王的苗木
2175	likely-same	0.90	Disciples of the Black Magician	Disciples of the Black Mage	黑魔法师的手下
2212	likely-same	0.95	The Path of Pirate	The Path of a Pirate	成为海盗的途径
2235	needs-review	0.48	Manji's Request	[Sleepywood] Manji's Apprentice	麦吉的弟子
2236	likely-same	0.69	How to Shoo Away the Evil	[Sleepywood] To Shoo Away Evil	赶走恶魔的方法
2237	likely-same	0.83	The Owner of the Mysterious Note	[Sleepywood] The Owner of the Mysterious Note	被丢弃的纸条的主人
2238	likely-same	0.62	Who is the Owner of the Mysterious Note?	[Sleepywood] The Note's Mysterious Owner	纸条的主人是？
2239	likely-same	0.75	Balrog and the Seal	[Sleepywood] Balrog and the Seal	蝙蝠魔的封印
2240	likely-same	0.77	A Letter to the Master	[Sleepywood] A Letter to the Master	写给老师的书信
2241	likely-same	0.81	A Request to His Apprentice	[Sleepywood] A Request to His Apprentice	对弟子的嘱咐
2300	needs-review	0.50	Endangered Mushking Empire	Mushking in Danger	危机中的蘑菇王国
2301	needs-review	0.50	Endangered Mushking Empire	Mushking in Danger	危机中的蘑菇王国
2302	needs-review	0.50	Endangered Mushking Empire	Mushking in Danger	危机中的蘑菇王国
2303	needs-review	0.50	Endangered Mushking Empire	Mushking in Danger	危机中的蘑菇王国
2304	needs-review	0.50	Endangered Mushking Empire	Mushking in Danger	危机中的蘑菇王国
2305	needs-review	0.50	Endangered Mushking Empire	Mushking in Danger	危机中的蘑菇王国
2306	needs-review	0.50	Endangered Mushking Empire	Mushking in Danger	危机中的蘑菇王国
2307	needs-review	0.50	Endangered Mushking Empire	Mushking in Danger	危机中的蘑菇王国
2308	needs-review	0.50	Endangered Mushking Empire	Mushking in Danger	危机中的蘑菇王国
2309	needs-review	0.50	Endangered Mushking Empire	Mushking in Danger	危机中的蘑菇王国
2310	needs-review	0.50	Endangered Mushking Empire	Mushking in Danger	危机中的蘑菇王国
2400	likely-same	0.93	Training Center for Beginner Warriors	Training Center for Beginning Warriors	新手战士修炼场
2402	likely-same	0.93	Training Center for Beginner Thieves	Training Center for Beginning Thieves	新手飞侠修炼场
2404	likely-same	0.93	Training Center for Beginner Pirates	Training Center for Beginning Pirates	新手海盗修炼场
3016	likely-same	0.76	Hella is Found!	Hella is Finally Found	终于找到了赫拉
3020	needs-review	0.38	Collecting Wolf Skin	The Ring's Secret	戒指的秘密
3029	needs-review	0.29	All the Map Pieces in One Place	The Scattered Map	散落的地图碎片
3035	likely-same	0.73	Alcaster and the Dark Crystal	Alcaster and the Star Rock	阿尔卡斯特和星石
3042	needs-review	0.20	Delivering a Mysterious Item	A World Apart	到新世界去
3049	needs-review	0.50	Estelle and the Syrup	Sweet Syrup	甜蜜果浆
3050	needs-review	0.21	Alfonse's Smile	A Happy Fellow	阿尔冯丝的微笑
3052	needs-review	0.37	Acquiring Materials for the Fur Coat	A Man and His Furs	斯卡德的新毛皮
3058	likely-same	0.98	Lisa's Special Medicine III	Lisa's Special Medicine II	莉萨的特殊治疗剂 Ⅱ
3065	likely-same	0.70	Hughes's Hobby	[Aqua Road] Hughes's Hobby	秀兹的兴趣
3066	likely-same	0.80	Hughes's Weird Invention	[Aqua Road] Hughes's Weird Invention	秀兹的奇怪发明
3067	likely-same	0.84	A Healthy Snack for the Huskies	[Aqua Road] A Healthy Snack for the Huskies	雪犬的营养零食
3068	likely-same	0.81	Hughes's Research Material	[Aqua Road] Hughes's Research Material	秀兹的研究材料
3072	likely-same	0.78	The Bottled-up Letter	[Aqua Road] The Bottled-up Letter	瓶子里的信件
3073	likely-same	0.68	Robinson's ID	[Aqua Road] Robinson's ID	鲁宾逊的ID卡
3080	likely-same	0.75	Kenta's Research 1	[Aqua Road] Kenta's Research 1	坎特的海底生物调查1
3081	likely-same	0.75	Kenta's Research 2	[Aqua Road] Kenta's Research 2	坎特的海底生物调查2
3082	likely-same	0.75	Kenta's Research 3	[Aqua Road] Kenta's Research 3	坎特的海底生物调查3
3101	likely-same	0.78	Hughes's New Experiement	[Aqua Road] Hughes's New Experiment	秀兹的新发明
3106	needs-review	0.41	Snowman Legend	The Legend of Nyalmo	传说中的雪人
3107	likely-same	0.67	Snowman's Rage	Nyalmo's Rage	雪人的愤怒
3108	likely-same	0.62	Snowman's Rage-Found a clue	Found a Clue	雪人的愤怒-发现线索
3109	likely-same	0.70	Holding Back the Snowman	Holding Back Nyalmo	阻击雪人
3114	likely-same	0.86	Eliza's Eternal Sleep	Eliza's Eternal Slumber	艾利杰的长觉
3207	likely-same	0.78	Nemi's First Ingredient	Nemi's Flavorful Ingredients	乃米的美味料理材料
3208	needs-review	0.45	Nemi's Second Ingredient	Nemi's Lunch Box	乃米的便当材料
3231	likely-same	0.78	The Broken Clocktower	[Ludibrium] The Broken Clocktower	被损伤的时间塔
3232	likely-same	0.79	Grandpa Clock's Crisis	[Ludibrium] Grandpa Clock's Crisis	挂钟的拜托
3238	likely-same	0.86	Mac the Mechanic's Maintenance Manual	[Ludibrium] Mac the Mechanic's Maintenance Manual	机械工 麦戈的文件
3248	likely-same	0.88	Operation Strategy 1 : Collect All the Eggs	[Ludibrium] Operation Strategy 1 : Collect All the Eggs	作战第1阶段：回收蛋
3249	likely-same	0.88	Operation Strategy 2 : Defeat the Monsters	[Ludibrium] Operation Strategy 2 : Defeat the Monsters	作战第2阶段：消灭怪物
3250	likely-same	0.86	Operation Strategy 3: A Cute Baby Bird	[Ludibrium] Operation Strategy 3: A Cute Baby Bird	作战第3阶段：可爱的小鸟
3300	likely-same	0.70	A Deal with the Broker	[Magatia's Secret] A Deal with the Broker	和后街小贩的交易
3301	likely-same	0.80	Test from the Head of Zenumist Society	[Magatia's Secret] Test from the Head of Zenumist Society	蒙特鸠协会会长的考试
3302	needs-review	0.58	Zenumist Cape	[Magatia's Secret] Zenumist Cape	蒙特鸠披风
3303	likely-same	0.80	Test from the Head of Alcadno Society	[Magatia's Secret] Test from the Head of Alcadno Society	卡帕莱特协会会长的考试
3304	needs-review	0.56	Alcadno Cape	[Magatia's Secret] Alcadno Cape	卡帕莱特披风
3305	likely-same	0.84	Re-acquiring Zenumist Cape	[Magatia] Re-acquiring Zenumist Cape	再次获得蒙特鸠披风
3306	likely-same	0.83	Re-acquiring Alcadno Cape	[Magatia] Re-acquiring Alcadno Cape	再次获得卡帕莱特披风
3307	likely-same	0.64	Helping Out Bedin	[Magatia's Secret] Helping Out Bedin	协助贝丁研究
3308	likely-same	0.75	Getting in the Way of Alcadno	[Magatia's Secret] Getting in the Way of Alcadno	妨碍卡帕莱特
3309	likely-same	0.80	An Incident, and the Missing Alchemist	[Magatia's Secret] An Incident, and the Missing Alchemist	事件，及失踪的炼金术士
3310	likely-same	0.67	Carson's Experiment	[Magatia's Secret] Carson's Experiment	卡森的考试
3311	needs-review	0.30	Clue	[Magatia's Secret] Clue	线索
3312	likely-same	0.77	Russellon's Items for Experiment	[Magatia's Secret] Russellon's Items for Experiment	罗赛伦的研究材料
3313	likely-same	0.63	Destroy the Roid	[Magatia's Secret] Destroy the Roid	破坏洛伊德
3314	likely-same	0.80	Life Alchemy, and the Missing Alchemist	[Magatia's Secret] Life Alchemy, and the Missing Alchemist	生命炼金，及失踪的炼金术士
3315	likely-same	0.64	Maed's Experiment	[Magatia's Secret] Maed's Experiment	麦麦德的考试
3316	likely-same	0.69	Han the Broker's Info	[Magatia's Secret] Han the Broker's Info	后街小贩的情报
3317	likely-same	0.68	Dr. De Lang's Friend	[Magatia's Secret] Dr. De Lang's Friend	德朗博士的朋友
3318	likely-same	0.63	Parwen the Ghost	[Magatia's Secret] Parwen the Ghost	幽灵疯老头
3319	needs-review	0.56	Parwen's Lab	[Magatia's Secret] Parwen's Lab	疯老头的实验室
3320	likely-same	0.64	What Parwen Knows	[Magatia's Secret] What Parwen Knows	疯老头知道的事情
3321	likely-same	0.78	Dr. De Lang, the Missing Alchemist	[Magatia's Secret] Dr. De Lang, the Missing Alchemist	失踪的炼金术士——德朗博士
3322	likely-same	0.64	Phyllia's Pendant	[Magatia's Secret] Phyllia's Pendant	琵丽雅的银坠饰
3323	likely-same	0.77	Phyllia's Concern	[Magatia] Phyllia's Concern	琵丽雅的担心
3324	likely-same	0.81	Ericsson's Ingredients	[Magatia] Ericsson's Ingredients	艾利逊的制药材料
3325	likely-same	0.77	A Sip of the Moon	[Magatia] A Sip of the Moon	藏有月光的瓶子
3326	likely-same	0.74	Keeny's Secret	[Magatia] Keeny's Secret	琦尼的秘密
3327	likely-same	0.88	Ericsson's Ingredients for Medicine 2	[Magatia] Ericsson's Ingredients for Medicine 2	艾利逊的制药材料2
3328	likely-same	0.76	A Sip of the Sun	[Magatia] A Sip of the Sun	藏有阳光的瓶子
3329	likely-same	0.83	Keeny's Research on Roid	[Magatia] Keeny's Research on Roid	琦尼的洛伊德研究
3330	likely-same	0.86	Keeny's Research on Neo Huroid!	[Magatia] Keeny's Research on Neo Huroid!	琦尼的氯化洛伊德研究
3331	likely-same	0.80	Keeny's Research on D.Roid!!	[Magatia] Keeny's Research on D.Roy!!	琦尼的D.罗伊研究！！！
3332	likely-same	0.81	Keeny's Pal Humanoid A	[Magatia] Keeny's Pal Humanoid A	琦尼的朋友人造人A
3333	likely-same	0.79	A Present for Keeny	[Magatia] A Present for Keeny	给琦尼的礼物
3334	likely-same	0.67	Humanoid A	[Magatia] Humanoid A	人造人A
3335	likely-same	0.83	A Rose from the Snowfield	[Magatia] A Rose from the Snowfield	雪原玫瑰
3336	likely-same	0.89	Acquiring the Seed for the Snowfield Rose	[Magatia] Acquiring the Seed for the Snowfield Rose	寻找雪原玫瑰的种子
3337	likely-same	0.86	The Importance of Life Alchemy	[Magatia] The Importance of Life Alchemy	生命炼金的必要性
3338	likely-same	0.86	The Problems with Life Alchemy	[Magatia] The Problems with Life Alchemy	生命炼金的问题点
3339	likely-same	0.77	Dr. De Lang's Underground Study	[Magatia's Secret] Dr. De Lang's Underground Study	德朗博士的地下书库
3340	likely-same	0.73	The Key to the Secret Book	[Magatia's Secret] The Key to the Secret Book	秘密书的钥匙
3341	likely-same	0.73	Dr. De Lang's Secret Notes	[Magatia's Secret] Dr. De Lang's Secret Notes	德朗博士的秘密记事本
3342	likely-same	0.74	The Truth About Dr. De Lang	[Magatia's Secret] The Truth About Dr. De Lang	德朗博士的真实
3343	likely-same	0.63	The Hidden Words	[Magatia's Secret] The Hidden Words	隐藏的文字
3344	likely-same	0.70	The Secrets of Magatia	[Magatia's Secret] The Secrets of Magatia	玛加提亚的秘密
3345	needs-review	0.53	The Black Magician's Magic Pentagram	[Magatia's Secret] The Black Mage's Pentacle	黑魔法师的魔法阵
3346	likely-same	0.63	The Brutal Truth	[Magatia's Secret] The Brutal Truth	残酷的事实
3347	likely-same	0.71	For Zenumist	[Magatia] For Zenumist	为了蒙特鸠
3348	likely-same	0.69	For Alcadno	[Magatia] For Alcadno	为了卡帕莱特
3349	likely-same	0.69	For Phyllia	[Magatia] For Phyllia	为了琵丽雅
3350	likely-same	0.86	Re-acquiring Dr. De Lang's Notes	[Magatia] Re-acquiring Dr. De Lang's Notes	再次获得德朗博士的记事本
3351	likely-same	0.85	Re-acquiring Dr. De Lang's Notes 	[Magatia] Re-acquiring Dr. De Lang's Notes	再次获得德朗博士的记事本
3352	likely-same	0.84	Re-acquiring Dr. De Lang's Notes  	[Magatia] Re-acquiring Dr. De Lang's Notes	再次获得德朗博士的记事本
3353	likely-same	0.65	What De Lang Wants	[Magatia's Secret] What De Lang Wants	德朗博士所希望的
3354	likely-same	0.63	De Lang's Potion	[Magatia's Secret] De Lang's Potion	德朗博士的药
3355	likely-same	0.73	The Memories of Humanoid A	[Magatia's Secret] The Memories of Humanoid A	人造人A的记忆
3356	likely-same	0.61	Who is De Lang?	[Magatia's Secret] Who is De Lang?	德朗博士是谁
3357	likely-same	0.70	De Lang and Humanoid A	[Magatia's Secret] De Lang and Humanoid A	德朗博士和人造人A
3358	likely-same	0.72	Parwen's Pass	[Magatia] Parwen's Pass	疯老头的出入证
3359	likely-same	0.85	Searching for the Master Key	[Magatia] Searching for the Master Key	寻找主密码
3361	likely-same	0.88	Zenumist and the Ostracized Research	[Magatia] Zenumist and the Ostracized Research	被排斥的研究与蒙特鸠
3362	likely-same	0.88	Alcadno and the Ostracized Research	[Magatia] Alcadno and the Ostracized Research	被排斥的研究与卡帕莱特
3363	likely-same	0.81	Studying Frankenroid 1	[Magatia] Studying Frankenroid 1	法兰肯研究1
3364	likely-same	0.81	Studying Frankenroid 2	[Magatia] Studying Frankenroid 2	法兰肯研究2
3365	likely-same	0.76	Yulete's Request	[Magatia] Yulete's Request	犹泰的委托
3366	likely-same	0.78	Making the Reagent	[Magatia] Making the Reagent	制作试剂
3367	likely-same	0.83	Organizing the Lab Report	[Magatia] Organizing the Lab Report	整理研究文件
3368	likely-same	0.81	Eliminating Obstacles	[Magatia] Eliminating Obstacles	清除研究障碍
3369	likely-same	0.75	Romeo's Present	[Magatia] Romeo's Present	罗密欧的礼物
3370	likely-same	0.75	Romeo's Flowers	[Magatia] Romeo's Flowers	罗密欧的花束
3371	likely-same	0.77	Juliet's Feelings	[Magatia] Juliet's Feelings	朱丽叶的心
3372	likely-same	0.83	Sirin's Tailoring Methods	[Magatia] Sirin's Tailoring Methods	西琳的缝纫技法
3373	likely-same	0.77	Juliet's Response	[Magatia] Juliet's Response	朱丽叶的回礼
3374	likely-same	0.81	Writing Romeo's Letter	[Magatia] Writing Romeo's Letter	罗密欧写信
3375	likely-same	0.79	Romeo's Love Letter	[Magatia] Romeo's Love Letter	罗密欧的情书
3376	likely-same	0.79	Juliet is Impressed	[Magatia] Juliet is Impressed	朱丽叶的感动
3377	likely-same	0.82	Han the Broker's Recipe	[Magatia] Han the Broker's Recipe	后街小贩的食谱
3378	likely-same	0.77	Juliet's Lunchbox	[Magatia] Juliet's Lunchbox	朱丽叶的盒饭
3379	likely-same	0.74	Romeo Proposes	[Magatia] Romeo Proposes	罗密欧求婚
3380	likely-same	0.86	Allegro, the Master of the Rings	[Magatia] Allegro, the Master of the Rings	戒指工匠阿尔雷哥
3381	likely-same	0.81	The Unidentified Group	[Magatia] The Unidentified Group	不确定的集团
3382	likely-same	0.75	Yulete's Reward	[Magatia] Yulete's Reward	犹泰的报答
3383	likely-same	0.72	Moren's Upset	[Magatia] Moren's Upset	威尔斯的惋惜
3384	likely-same	0.79	Gordon's Magic Iron	[Magatia] Gordon's Magic Iron	高登的魔法熨斗
3385	likely-same	0.79	Gordon's Warm Heart	[Magatia] Gordon's Warm Heart	高登的宽广心胸
3430	likely-same	0.93	Collecting 100 Mateon Tentacles	Collecting Mateon Tentacles	搜集外星章鱼枪的触角
3437	likely-same	0.77	Eliminating Plateon and Mecateon	Eliminating Mecateon	消灭外星章鱼激光棒
3500	likely-same	0.65	Path to the Past	[Temple of Time] Path to the Past	过去之路
3501	likely-same	0.80	The One Who Walks Down Memory Lane1	[Temple of Time] The One Who Walks Down Memory Lane 1	追随追忆之路的人1
3502	likely-same	0.80	The One Who Walks Down Memory Lane2	[Temple of Time] The One Who Walks Down Memory Lane 2	追随追忆之路的人2
3503	likely-same	0.80	The One Who Walks Down Memory Lane3	[Temple of Time] The One Who Walks Down Memory Lane 3	追随追忆之路的人3
3504	likely-same	0.80	The One Who Walks Down Memory Lane4	[Temple of Time] The One Who Walks Down Memory Lane 4	追随追忆之路的人4
3505	likely-same	0.80	The One Who Walks Down Memory Lane5	[Temple of Time] The One Who Walks Down Memory Lane 5	追随追忆之路的人5
3506	needs-review	0.56	Lost Memory	[Temple of Time] Lost Memory	忘却的追忆
3507	likely-same	0.60	Memory Keeper	[Temple of Time] Memory Keeper	记忆旁观者
3508	likely-same	0.83	The One Who Walks Down the Road of Regrets1	[Temple of Time] The One Who Walks Down the Road of Regrets 1	追随后悔之路的人1
3509	likely-same	0.83	The One Who Walks Down the Road of Regrets2	[Temple of Time] The One Who Walks Down the Road of Regrets 2	追随后悔之路的人2
3510	likely-same	0.83	The One Who Walks Down the Road of Regrets3	[Temple of Time] The One Who Walks Down the Road of Regrets 3	追随后悔之路的人3
3511	likely-same	0.83	The One Who Walks Down the Road of Regrets4	[Temple of Time] The One Who Walks Down the Road of Regrets 4	追随后悔之路的人4
3512	likely-same	0.83	The One Who Walks Down the Road of Regrets5	[Temple of Time] The One Who Walks Down the Road of Regrets 5	追随后悔之路的人5
3513	likely-same	0.64	Frozen Emotions	[Temple of Time] Frozen Emotions	冰冻的感情
3514	likely-same	0.78	The Sorcerer Who Sells Emotions	[Temple of Time] The Sorcerer Who Sells Emotions	出售情感的魔法术士
3515	likely-same	0.75	The One Who Walks Through the Road to Oblivion1	[Temple of Time] The One Who Walks Down the Road to Oblivion 1	追随忘却之路的人1
3516	likely-same	0.75	The One Who Walks Through the Road to Oblivion2	[Temple of Time] The One Who Walks Down the Road to Oblivion 2	追随忘却之路的人2
3517	likely-same	0.75	The One Who Walks Through the Road to Oblivion3	[Temple of Time] The One Who Walks Down the Road to Oblivion 3	追随忘却之路的人3
3518	likely-same	0.75	The One Who Walks Through the Road to Oblivion4	[Temple of Time] The One Who Walks Down the Road to Oblivion 4	追随忘却之路的人4
3519	likely-same	0.75	The One Who Walks Through the Road to Oblivion5	[Temple of Time] The One Who Walks Down the Road to Oblivion 5	追随忘却之路的人5
3520	likely-same	0.75	The Goddess' Blessing	[Pink Bean] Goddess's Blessing	女神的祝福
3521	likely-same	0.65	Force Field	[Pink Bean] Force Field	结界
3522	likely-same	0.73	Beyond the Ruins	[Pink Bean] Beyond the Ruins	废墟之外
3523	needs-review	0.48	In Search for the Lost Memory	[Temple of Time] Seeking Lost Memories	追随遗忘的记忆
3524	needs-review	0.48	In Search for the Lost Memory	[Temple of Time] Seeking Lost Memories	追随遗忘的记忆
3525	needs-review	0.48	In Search for the Lost Memory	[Temple of Time] Seeking Lost Memories	追随遗忘的记忆
3526	needs-review	0.48	In Search for the Lost Memory	[Temple of Time] Seeking Lost Memories	追随遗忘的记忆
3527	needs-review	0.48	In Search for the Lost Memory	[Temple of Time] Seeking Lost Memories	追随遗忘的记忆
3528	likely-same	0.80	Breaking the Force Field	[Pink Bean] Breaking the Force Field	打破结界
3529	needs-review	0.48	In Search for the Lost Memory	[Temple of Time] Seeking Lost Memories	追随遗忘的记忆
3534	needs-review	0.18	There's no reason to believe that yet, but we should check just in case.  Go visit #b#p2140003##k and ask what happened to the Goddess' promise.  He is the Record Keeper of everything, so he is the only one who would be able to tell you.	The One Who Walks Through the Road to Oblivion 5	追随忘却之路的人5
3539	needs-review	0.58	Searching for Lost Memories	[Temple of Time] Seeking Lost Memories	追随遗忘的记忆
3620	likely-same	0.95	Extracting Artemesia	Extracting Artemisia	采艾蒿
3707	likely-same	0.84	 The Last Hour of Horntail	[Horntail] The Last Hour of Horntail	黑暗龙王的末日
3714	likely-same	0.95	The Remnants of Horned Tail...	The Remnants of Horntail...	黑龙留下的...
3715	likely-same	0.71	The Suspicious Wanderer	Mysterious Wanderer	奇怪的流浪者
3810	likely-same	0.97	The Legendary Being's Scroll 2	The Legendary Being's Scroll	神仙的条幅
3841	needs-review	0.45	Master Goblin's Call	King Sage Cat's Call	妖怪禅师的召唤
3843	likely-same	0.63	Master Goblin's Questions	The King Sage Cat's Questions	妖怪禅师的提问
3900	likely-same	0.87	Learning the Culture of Ariant	[Ariant] Learning the Culture of Ariant	学习阿里安特的文化
3905	likely-same	0.79	Queen's Tea 3	The Queen's Tea	王妃的茶
3953	likely-same	0.97	Convince Muhamad	Convince Muhammad	说服莫哈莫德
4302	likely-same	0.84	Hanako's Foxtail Muffler 1	Mariwaka's Fox Tail Muffler 1	花子的狐狸披肩1
4303	likely-same	0.84	Hanako's Foxtail Muffler 2	Mariwaka's Fox Tail Muffler 2	花子的狐狸披肩2
4304	likely-same	0.80	Hanako's Foxtail Coat	Mariwaka's Fox Tail Coat	花子的狐狸外套
4305	needs-review	0.26	Eliminating Dark Cloud Fox	The Fox Hunt	击退大云狐狸
4306	likely-same	0.98	The Lantern at Mushroom Shrine	The Lanterns at Mushroom Shrine	蘑菇神龛的提灯
4308	needs-review	0.41	Water Goblin's Cucumber	Cucumber Shuffle	水怪的黄瓜
4309	needs-review	0.23	Eliminating Blue Mushmom	Fungi Fever	击退蓝色蘑菇
4477	likely-same	0.70	News Special Report	[Missing Santa] News Special Report	News Special Report
4478	likely-same	0.77	Disappeared Santa Encyclopedia  	[Missing Santa] Disappeared Santa Encyclopedia	Disappeared Santa Encyclopedia
4479	needs-review	0.54	Santa Grandmother Finding	[Missing Santa] Mrs. Claus Finding	Mrs. Claus Finding
4480	likely-same	0.71	Common Sense Of Santa 	[Missing Santa] Common Sense Of Santa	Common Sense Of Santa
4481	likely-same	0.73	Socks Creation Recipes	[Missing Santa] Socks Creation Recipes	Socks Creation Recipes
4482	likely-same	0.78	Socks Actual Creation Action	[Missing Santa] Socks Actual Creation Action	Socks Actual Creation Action
4483	likely-same	0.62	Socks Hanging	[Missing Santa] Socks Hanging	Socks Hanging
4484	likely-same	0.65	Cliff's Request	[Missing Santa] Cliff's Request	Cliff's Request
4485	likely-same	0.69	Torr's Whereabouts	[Missing Santa] Torr's Whereabouts	Torr's Whereabouts
4486	likely-same	0.70	Santa Cat's request	[Missing Santa] Santa Cat's request	Santa Cat's request
4487	likely-same	0.80	Delivery of Rina cleaning device	[Missing Santa] Delivery of Rina cleaning device	Delivery of Rina cleaning device
4488	likely-same	0.69	Warm Milk Delivery	[Missing Santa] Warm Milk Delivery	Warm Milk Delivery
4489	needs-review	0.22	Delivery the word Thank 	[Missing Santa] To sleep Icarus	To sleep Icarus
4490	likely-same	0.65	Bicho's snowman	[Missing Santa] Bicho's snowman	Bicho's snowman
4503	needs-review	0.40	Clear the Rubbish	Rubbish Eradicator	清理垃圾
4504	needs-review	0.27	Stop'em!	Signing Away Your Life	拦住他们！
4505	needs-review	0.28	Stop the Speeder!	Take it Slow	拦住超速者！
4506	needs-review	0.22	Technical Assignment	Johnson's Day Off	技术任务
4507	needs-review	0.22	Angie's Beloved Costume 1	The Stolen Fire Extinguishers	安吉心爱的服饰 1
4508	needs-review	0.18	Angie's Beloved Costume 2	Boat Quay Clean-Up 1	安吉心爱的服饰 2
4509	needs-review	0.18	Angie's Beloved Costume 3	Boat Quay Clean-Up 2	安吉心爱的服饰 3
4510	likely-same	0.70	The secret of the past	Ghosts of the Past	过去的秘密
4511	needs-review	0.45	Making the path to the sea	Cutting a Path	前往海洋
4512	needs-review	0.59	The great secret reveals	Great Revelations	揭露惊天秘密
4513	needs-review	0.45	Fight for the future	Ghostworthy	为未来而战
4522	likely-same	0.70	The Lost White Essence	Missing White Essence	丢失的白色精华
4523	needs-review	0.39	Return of Capt. Latanica	The Captain Makes it Happen	幽灵船长的回归
4543	likely-same	0.95	I am Bored!	I'm Bored!	好无聊!
4544	needs-review	0.38	All taken away!	They're All Gone!	全都拿走!
4546	needs-review	0.50	Running out of Wigs!	Low on Wigs!	缺乏毛发
4547	needs-review	0.52	Tires are missing!	Missing Tires	轮胎不见了
4548	needs-review	0.29	Oly Oly is back!	More Missing Tires	偷轮胎犯回来了!
4550	needs-review	0.56	I need Vitamin C	Vitamin C, Stat!	我需要维他命C
4552	needs-review	0.40	My Scarfs are Stolen!	Stolen Scarves	我的围巾被偷了!
4553	needs-review	0.56	Gift for Dear Daddy	Dear Daddy's Gift	亲爱爸爸的礼物
4555	likely-same	0.97	Unexpected Guest	Unexpected Guests	不速之客
4557	needs-review	0.47	Lam wants to see the world	Little Lam, Big World	蓝想看世界
4559	likely-same	0.84	Gift for Brother	Gift for Lam's Brother	弟弟的礼物
4560	needs-review	0.60	Merry-go-round in Kampung	Kampung Merry-go-round	甘榜的旋转木马
4576	likely-same	0.80	Off to the Fantasy Theme Park	Off to Fantasy Theme World	前往梦幻主题公园
4918	likely-same	0.93	Featherweights	Featherweights 1	羽量级1
4928	needs-review	0.12	Jay's Curiosity	-	Jay's Curiosity
4929	needs-review	0.14	Gwin's Thanks	-	Gwin's Thanks
4930	needs-review	0.06	The Rememberer's Passion Part 1	-	The Rememberer's Passion Part 1
4931	needs-review	0.06	The Rememberer's Passion Part 2	-	The Rememberer's Passion Part 2
4932	needs-review	0.05	Grendel The Really Old's Glorious Days	-	Grendel The Really Old's Glorious Days
4933	needs-review	0.11	Cody's Confession	-	Cody's Confession
4934	needs-review	0.12	Manji's Approval	-	Manji's Approval
4935	needs-review	0.10	Blackbull's Mistake	-	Blackbull's Mistake
4936	needs-review	0.12	Bruce's Research	-	Bruce's Research
4937	needs-review	0.05	Dances with Balrog's Barbarism Part 1	-	Dances with Balrog's Barbarism Part 1
4938	needs-review	0.05	Dances with Balrog's Barbarism Part 2	-	Dances with Balrog's Barbarism Part 2
4939	needs-review	0.08	Winston's Scheme Part 1	-	Winston's Scheme Part 1
4940	needs-review	0.08	Winston's Scheme Part 2	-	Winston's Scheme Part 2
4960	needs-review	0.20	Eat This!	-	Eat This!
5009	likely-same	0.96	Giant Swowman's Purple box	Giant Snowman's Purple box	交换白色的礼物盒
5069	likely-same	0.77	Easter : Mad Bunny's Easter(Red)	[Easter Events] Mad Bunny's Red Easter	Mad Bunny's Red Easter
6000	likely-same	0.81	The Wandering Alchemist Eurek's New Skill	[Legendary Spirit] The Wandering Alchemist Eurek's New Skill	流浪炼金术士的新技术
6002	likely-same	0.78	Monster Riding	[Mount] Monster Riding	骑兽技能
6003	likely-same	0.81	Pheromone Perfume	[Mount] Pheromone Perfume	费洛蒙香水
6004	likely-same	0.65	Lost Saddle	[Mount] The Lost Saddle	丢失的鞍子
6005	likely-same	0.75	Lost Perfume	[Mount] Lost Perfume	丢失的香水
6006	needs-review	0.44	Silver Mane	[Mount] Silverbristle	银色野猪
6007	likely-same	0.85	Dragon's Perfume Bottle	[Mount] Dragon's Perfume Bottle	飞龙的香水瓶
6008	likely-same	0.75	Dragon Rider	[Mount] Dragon Rider	御龙魔
6009	likely-same	0.75	Dragon Rider	[Mount] Dragon Rider	御龙魔
6010	likely-same	0.75	Dragon Rider	[Mount] Dragon Rider	御龙魔
6011	likely-same	0.75	Dragon Rider	[Mount] Dragon Rider	御龙魔
6013	likely-same	0.75	Dragon Rider	[Mount] Dragon Rider	御龙魔
6029	likely-same	0.95	Meren's New Discovery	Moren's New Discovery	威尔斯的新技术
6032	likely-same	0.97	Meren's Class on the Actual Practice	Moren's Class on the Actual Practice	威尔斯的实习课程
6033	likely-same	0.97	Meren's Second Round of Teaching	Moren's Second Round of Teaching	威尔斯的第二次教导
6034	likely-same	0.94	What Meren Dropped	What Moren Dropped	威尔斯错过的东西
6105	likely-same	0.73	The One Who Remembers...	The Rememberer...	记忆者
6133	likely-same	0.86	Caron's Note	Caron's Notebook	卡伦的册子
6280	likely-same	0.60	 The Holy Knight's Sword	The Templar's Sword	神圣的骑士之剑
6931	likely-same	0.97	Helin's First Story	Hellin's First Story	哈林的第一个真实的故事
6932	likely-same	0.95	 Helin's Second Truth	Hellin's Second Truth	哈林的第二个真实的故事
7300	likely-same	0.78	Moira's Whereabouts	[Horntail] Moira's Whereabouts	摩伊拉的行踪
7301	needs-review	0.51	Secret Medicine for Transformation	[Horntail] The Transformation Potion	变身秘药
7302	needs-review	0.45	 Badge of a Squad Member	[Horntail] The Lost Squad	敢死队员的象征
7303	needs-review	0.55	Making the Secret Medicine for Transformation	[Horntail] Taking the Transformation Potion	制作变身秘药
8007	needs-review	0.30	The Scarred Kitty	Fraidy Cat	受伤的猫
8009	needs-review	0.31	Learning to Speak the Kitty Language	Feline Discourse	学猫语
8012	likely-same	0.79	Sakura, the Kitty, and the Orange Marble	Sakura, Fraidy Cat, and the Orange Marble	美代子，猫和雨珠子
8018	likely-same	0.69	Sakura's Crying	Sakura's Tears	哭泣的美代子
8019	needs-review	0.20	I should talk to the Boss Kitty in kitty language.	Catty Conversations	用猫语与波斯猫对话
8029	needs-review	0.33	Actor Training	Casting the Role	演员修炼
8048	needs-review	0.11	Arwen and Ellinia	-	Arwen and Ellinia
8050	needs-review	0.12	Today's Schedule	-	Today's Schedule
8051	needs-review	0.12	An Unknown Love	-	An Unknown Love
8065	likely-same	0.93	The Ghost Whereabout	The Ghost's Whereabouts	The Ghost's Whereabouts
8072	needs-review	0.17	An Old Code	-	An Old Code
8078	likely-same	0.91	Open Sesami	Open Sesame	Open Sesame
8083	needs-review	0.11	Porter's Challenge	-	Porter's Challenge
8206	needs-review	0.35	Ace of Heart's Secret Ability	Valentine's Day : Heart Chocolate	Valentine's Day : Heart Chocolate
8231	likely-same	0.92	Fool's Gold	Fool's Gold 1	愚者之金 1
8232	likely-same	0.96	Fool's Gold.	Fool's Gold 2	愚者之金 2
8233	likely-same	0.93	Rags to Riches	Rags to Riches 1	飞黄腾达 1
8234	likely-same	0.97	Rags to Riches.	Rags to Riches 2	飞黄腾达 2
8235	likely-same	0.94	One Step A-Head	One Step A-Head 1	开“头”很重要 1
8236	likely-same	0.97	One Step A-Head.	One Step A-Head 2	开“头”很重要 2
8237	likely-same	0.96	Catch a Bigfoot by the Toe	Catch a Bigfoot by the Toe 1	要的就是大脚怪的脚趾 1
8238	likely-same	0.98	Catch a Bigfoot by the Toe.	Catch a Bigfoot by the Toe 2	要的就是大脚怪的脚趾 2
8248	likely-same	0.70	Maple 7th Day Market omok festival!	Maple 7th Day Market opens tomorrow!	冒险岛周末集市
8249	likely-same	0.65	Maple 7th Day Market card-game convention!	Maple 7th Day Market	冒险岛周末集市!
8251	needs-review	0.48	Assembling the toy-armada!	Helping the daughter of the poultry farm owner, Lazy Daisy	帮助养鸡场主人的女儿烦斯乐。
8254	needs-review	0.20	Collection skills	Hatch the egg	孵化鸡蛋的努力
8297	likely-same	0.78	A secret that Mr. Moneybags knows.	A secret that Cody knows.	A secret that Cody knows.
8821	needs-review	0.05	Thanksgiving : Turkey Yellow Egg hunt	-	感恩节：收集黄色火鸡蛋
8822	needs-review	0.05	Thanksgiving : Turkey Green Egg hunt	-	感恩节：收集绿色火鸡蛋
8823	needs-review	0.07	Thanksgiving : Pumpkin Pie	-	感恩节：南瓜馅饼
8829	needs-review	0.05	Festival of Lights - Building the Altar	-	Festival of Lights - Building the Altar
8830	needs-review	0.05	Festival of Lights - Blessing the Festival 	-	Festival of Lights - Blessing the Festival
8832	needs-review	0.13	Graham Cracked	-	Graham Cracked
8833	needs-review	0.06	Spot On : An Interesting Chore	-	New Year's Wishes 1
8834	needs-review	0.10	New Year's Wishes 2	-	New Year's Wishes 2
8843	needs-review	0.04	Festival of Lights - Blessing the Festival reward	-	Festival of Lights - Blessing the Festival reward
8848	needs-review	0.07	Amoria : The Sakura Garden 1	-	Amoria : The Sakura Garden 1
8849	needs-review	0.04	Amoria : The Sakura Garden 2 - Finishing Touches	-	Amoria : The Sakura Garden 2 - Finishing Touches
8850	needs-review	0.06	Amoria : Cupid's Courier - Beginner	-	Amoria : Cupid's Courier - Beginner
8851	needs-review	0.06	Amoria : Cupid's Courier - Warrior	-	Amoria : Cupid's Courier - Warrior
8852	needs-review	0.06	Amoria : Cupid's Courier - Magician	-	Amoria : Cupid's Courier - Magician
8853	needs-review	0.06	Amoria : Cupid's Courier - Bowman	-	Amoria : Cupid's Courier - Bowman
8854	needs-review	0.06	Amoria : Cupid's Courier - Thief	-	Amoria : Cupid's Courier - Thief
8855	needs-review	0.05	Amoria : Cupid's Courier  - Beginner	-	Amoria : Cupid's Courier  - Beginner
8856	needs-review	0.06	Amoria : Cupid's Courier - Warrior	-	Amoria : Cupid's Courier - Warrior
8857	needs-review	0.06	Amoria : Cupid's Courier - Magician	-	Amoria : Cupid's Courier - Magician
8858	needs-review	0.06	Amoria : Cupid's Courier - Bowman	-	Amoria : Cupid's Courier - Bowman
8859	needs-review	0.06	Amoria : Cupid's Courier - Thief	-	Amoria : Cupid's Courier - Thief
8860	needs-review	0.08	Amoria : Beauty or Beast!	-	Amoria : Beauty or Beast!
8862	needs-review	0.11	Amoria : Marriage	-	Amoria : Marriage
8863	needs-review	0.07	Amoria : Red Dahlia - Warrior	-	Amoria : Red Dahlia - Warrior
8864	needs-review	0.06	Amoria : Red Dahlia - Magician	-	Amoria : Red Dahlia - Magician
8865	needs-review	0.07	Amoria : Red Dahlia - Bowman	-	Amoria : Red Dahlia - Bowman
8866	needs-review	0.07	Amoria : Red Dahlia -  Thief	-	Amoria : Red Dahlia -  Thief
8867	needs-review	0.04	Amoria : Circle of Trust 1 (The Unmarried Couple)	-	Amoria : Circle of Trust 1 (The Unmarried Couple)
8868	needs-review	0.04	Amoria : Circle of Trust 2 (A Bond is Forged)	-	Amoria : Circle of Trust 2 (A Bond is Forged)
8869	needs-review	0.06	Spot On : An Interesting Chore	-	Spot On : An Interesting Chore
8870	needs-review	0.08	Spot On : Go See Mr. Spot	-	Spot On : Go See Mr. Spot
8871	needs-review	0.06	Circle of Trust - Repaired Ring	-	Circle of Trust - Repaired Ring
8873	needs-review	0.09	Easter : Easter Basket	-	Easter : Easter Basket
8874	needs-review	0.06	Easter : Mad Bunny's Easter(Yellow)	-	Easter : Mad Bunny's Easter(Yellow)
8875	needs-review	0.06	Easter : Mad Bunny's Easter(Green)	-	Easter : Mad Bunny's Easter(Green)
8879	needs-review	0.05	2nd Anniversary : Birthday Present (Red)	-	慶祝兩週年：紅色禮物盒
8880	needs-review	0.05	2nd Anniversary : Birthday Present (Blue)	-	慶祝兩週年：藍色禮物盒
8881	needs-review	0.06	2nd Anniversary : Cody's Quest	-	慶祝兩週年：科迪的請求
8885	needs-review	0.06	Summer Break: Cody's BBQ - Start	-	Summer Break: Cody's BBQ - Start
8886	needs-review	0.08	Summer Break: Cody's BBQ.	-	Summer Break: Cody's BBQ.
8887	needs-review	0.07	Summer Break: Cody's BBQ..	-	Summer Break: Cody's BBQ..
8888	needs-review	0.07	Summer Break: Cody's BBQ...	-	Summer Break: Cody's BBQ...
9012	needs-review	0.15	테오의 옛날 추억 회상	Teo's Nostalgic Reminiscing	特奥的往事回忆
9260	needs-review	0.42	Torr's Horn	[Happyville] Torr's Antlers	头羊的角
9270	likely-same	0.64	새해이벤트 : HappyNewYear	New Year's Event: Happy New Year!	新年活动: HappyNewYear
9370	needs-review	0.10	몬스터의 습격	Monster Attack	怪物的袭击
9371	needs-review	0.15	악의 기운 봉인	Evil Energy Sealed	封印邪恶气息
9372	needs-review	0.13	기억하고 있는 자를 찾아서...	In Search of the Rememberer...	寻找记忆者……
9450	needs-review	0.19	테오의 옛날 추억 회상 1	Teo's Nostalgic Reminiscing I	特奥的往事回忆1
9451	needs-review	0.18	테오의 옛날 추억 회상 2	Teo's Nostalgic Reminiscing II	特奥的往事回忆 2
9661	needs-review	0.15	협동하는 법:첫번째 동행	Collaborative Effort: First Time Together	合作方法：第一次同行
9662	needs-review	0.12	수정구의 균열:차원의 균열	The Crystal Ball: Dimensional Schism	水晶球的破裂：次元的破裂
9663	needs-review	0.15	여신의 슬픔을 위로할 자:여신의 흔적	Consoler of the Goddess: Remnant of the Goddess	安慰女神：女神的痕迹
9664	needs-review	0.12	카산드라의 복수:해적 데비존 	Cassandra's Revenge: Lord Pirate	星缘的报复：老海盗
9880	needs-review	0.19	현상수배 : 마노	Wanted: Mano	悬赏通缉：红蜗牛王
9881	needs-review	0.17	현상수배 : 스텀피	Wanted: Stumpy	悬赏通缉：树妖王
9882	needs-review	0.21	현상수배 : 킹크랑	Wanted: King Clang	悬赏通缉：巨居蟹
9883	needs-review	0.24	현상수배 : 태륜	Wanted: Tae Roon	悬赏通缉：肯德熊
9884	needs-review	0.17	현상수배 : 엘리쟈	Wanted: Eliza	悬赏通缉：艾利杰
9885	needs-review	0.16	현상수배 : 스노우맨	Wanted: Nyalmo	悬赏通缉：驮狼雪人
9887	needs-review	0.15	카산드라의 선물	Gift From Cassandra	星缘的礼物
9889	needs-review	0.11	조각난 주문서	Torn Scroll	卷轴碎片
9954	needs-review	0.12	카산드라의 건망증	Cassandra's Forgetfulness	星缘的健忘症
9955	needs-review	0.08	아리안트 투기대회	Ariant Coliseum	阿里安特竞技赛
9991	needs-review	0.12	스피드 퀴즈	Speed Quiz	快速问答
10016	needs-review	0.22	우수요원뱃지를 획득하라!	Obtain the Excellent Agent Badge!	获得优秀工作人员徽章！
10017	needs-review	0.20	요원특별강화프로그램에 참여하라!	Participate in the Special Agent Enrichment Program!	参加工作人员特别强化项目！
10260	needs-review	0.25	순결한 향수 만들기1	Making Pure Perfume 1	制作纯洁的香水1
10261	needs-review	0.25	순결한 향수 만들기2	Making Pure Perfume 2	制作纯洁的香水2
10262	needs-review	0.25	순결한 향수 만들기3	Making Pure Perfume 3	制作纯洁的香水3
10263	needs-review	0.25	순결한 향수 만들기4	Making Pure Perfume 4	制作纯洁的香水4
10264	needs-review	0.15	숨어있는 몬스터 퇴치	Defeating the Hidden Monster	击退隐藏的怪物
10265	needs-review	0.15	숨어있는 몬스터 퇴치	Defeating the Hidden Monster	击退隐藏的怪物
10266	needs-review	0.15	숨어있는 몬스터 퇴치	Defeating the Hidden Monster	击退隐藏的怪物
10267	needs-review	0.15	숨어있는 몬스터 퇴치	Defeating the Hidden Monster	击退隐藏的怪物
10268	needs-review	0.33	가가의 사랑 편지1	Gaga's Love Letter 1	佳佳的情书1
10270	needs-review	0.33	가가의 사랑 편지2	Gaga's Love Letter 2	佳佳的情书2
10271	needs-review	0.33	가가의 사랑 편지3	Gaga's Love Letter 3	佳佳的情书3
10272	needs-review	0.33	가가의 사랑 편지4	Gaga's Love Letter 4	佳佳的情书4
10273	needs-review	0.30	우리는 메이플 패밀리	We are all part of the Maple family	我们是冒险岛大家庭
10274	needs-review	0.18	메이플 6주년 파티준비	MapleStory 5th Anniversary Party Preparation.	为冒险岛6周年宴会做准备
10275	needs-review	0.17	메이플 6주년 파티준비!	MapleStory 5th Anniversary Party Preparation!	为冒险岛6周年宴会做准备！
10276	needs-review	0.07	메이플 6주년 파티준비!!	MapleStory 5th Anniversary Party Preparation!!	为冒险岛6周年宴会做准备！！
10277	needs-review	0.10	메이플 6주년 파티준비!!!	MapleStory 5th Anniversary Party Preparation!!!	为冒险岛6周年宴会做准备！！！
10278	needs-review	0.12	메이플 6주년 축하해	Happy 5th Anniversary	祝贺冒险岛6周年
10279	needs-review	0.18	메이플 6주년 축하해!	Happy 5th Anniversary!	祝贺冒险岛6周年！
10280	needs-review	0.11	메이플 6주년 축하해!!	Happy 5th Anniversary!!	祝贺冒险岛6周年！！
10281	needs-review	0.16	메이플 6주년 축하해!!!	Happy 5th Anniversary!!!	祝贺冒险岛6周年！！！
10282	needs-review	0.09	인기 몬스터의 초상화 : 주황버섯	Portrait of a Popular Monster: Orange Mushroom	人气怪物的肖像画：花蘑菇
10283	needs-review	0.07	인기 몬스터의 초상화 : 옥토퍼스	Portrait of a Popular Monster: Octopus	人气怪物的肖像画：三眼章鱼
10284	needs-review	0.08	인기 몬스터의 초상화 : 예티	Portrait of a Popular Monster: Yeti	人气怪物的肖像画：白雪人
10287	needs-review	0.22	아르미의 황금 단풍잎	Aramia's Golden Maple Leaf	阿乐米的金枫叶
10320	count-drift	0.48	Artifact Hunt 2500 points acquired!	2012 Artifact Hunt Contest Participation	遗物大会点数达到2500点！！
10321	needs-review	0.56	Artifact Hunt 4000 points acquired!	Artifact Hunt Gift Box	遗物大会点数达到4000点！！
10328	needs-review	0.54	8 Mystical Treasures	Mystical Artifact Discoverer	8种神秘的宝物
10340	needs-review	0.52	The Return!	They're Coming Back!	他们复活了！！
10341	needs-review	0.42	Aran's Revival	The Revival of the Arans	战神的复活
10345	likely-same	0.95	Signs of the Revival	Signs of Their Revival	复活的征兆
10347	needs-review	0.43	The Wolf In Waiting	Wolves Waiting for their Masters	等待主人的狼
10349	likely-same	0.96	Preparing for the Arrival	Preparing for Their Arrival	迎接他们的准备
10351	needs-review	0.44	The Hero's Memory	The Memory of the Heroes	英雄的记忆
10353	needs-review	0.59	The Truth About Memory Fragments	The Hidden Meaning Behind the Memory Fragments	痕迹的实体
10354	likely-same	0.72	To Whom Should Cassandra's Album Go?	Who Deserves Cassandra's Album?	把星缘的相册交给谁？
10405	count-drift	0.77	2009 Pink Flower Floatie!	2011 Pink Flower Tube!	2010粉色花边游泳圈！
10431	needs-review	0.19	가가의 남색 크레파스	Gaga's Indigo Crayon	佳佳的蓝色蜡笔
10432	needs-review	0.19	가가의 보라색 크레파스	Gaga's Violet Crayon	佳佳的紫色蜡笔
10433	needs-review	0.21	가가의 빨간색 크레파스	Gaga's Red Crayon	佳佳的红色蜡笔
10434	needs-review	0.19	가가의 주황색 크레파스	Gaga's Orange Crayon	佳佳的橙色蜡笔
10435	needs-review	0.19	가가의 노란색 크레파스	Gaga's Yellow Crayon	佳佳的黄色蜡笔
10436	needs-review	0.19	가가의 초록색 크레파스	Gaga's Green Crayon	佳佳的绿色蜡笔
10437	needs-review	0.20	가가의 파란색 크레파스	Gaga's Blue Crayon	佳佳的青色蜡笔
10438	needs-review	0.19	가가의 남색 크레파스	Gaga's Indigo Crayon	佳佳的蓝色蜡笔
10439	needs-review	0.19	가가의 보라색 크레파스	Gaga's Violet Crayon	佳佳的紫色蜡笔
10440	needs-review	0.21	가가의 빨간색 크레파스	Gaga's Red Crayon	佳佳的红色蜡笔
10441	needs-review	0.19	가가의 주황색 크레파스	Gaga's Orange Crayon	佳佳的橙色蜡笔
10442	needs-review	0.19	가가의 노란색 크레파스	Gaga's Yellow Crayon	佳佳的黄色蜡笔
10443	needs-review	0.19	가가의 초록색 크레파스	Gaga's Green Crayon	佳佳的绿色蜡笔
10444	needs-review	0.20	가가의 파란색 크레파스	Gaga's Blue Crayon	佳佳的青色蜡笔
10445	needs-review	0.19	가가의 크레파스	Gaga's Crayon	佳佳的蜡笔
10450	needs-review	0.18	레인보우 위크:빨간색의 마법	Rainbow Week: Red Monday Magic	彩虹周：红色魔法
10451	needs-review	0.18	레인보우 위크:빨간색의 마법	Rainbow Week: Red Monday Magic	彩虹周：红色魔法
10452	needs-review	0.16	레인보우 위크:노란색의 마법	Rainbow Week: Yellow Wednesday Magic	彩虹周：黄色魔法
10453	needs-review	0.16	레인보우 위크:노란색의 마법	Rainbow Week: Yellow Wednesday Magic	彩虹周：黄色魔法
10454	needs-review	0.16	레인보우 위크:노란색의 마법	Rainbow Week: Yellow Wednesday Magic	彩虹周：黄色魔法
10455	needs-review	0.16	레인보우 위크:노란색의 마법	Rainbow Week: Yellow Wednesday Magic	彩虹周：黄色魔法
10456	needs-review	0.16	레인보우 위크:노란색의 마법	Rainbow Week: Yellow Wednesday Magic	彩虹周：黄色魔法
10457	needs-review	0.16	레인보우 위크:노란색의 마법	Rainbow Week: Yellow Wednesday Magic	彩虹周：黄色魔法
10458	needs-review	0.20	골드리치의 나침반	Gold Richie's Compass	钻石王老五的罗盘
10459	needs-review	0.20	골드리치의 나침반	Gold Richie's Compass	钻石王老五的罗盘
19001	likely-same	0.60	Maple Nut	Maple Lover	热爱冒险岛勋章
20701	likely-same	0.62	1st Acclimation Training	First Time Together Training	第一次实地适应训练
21710	needs-review	0.28	A Monster War?	Raging Horny Mushrooms	刺蘑菇的愤怒？
21711	needs-review	0.49	Enter the Cynical Orange Mushrooms!	When Mushrooms Cry	哭泣的蓝蘑菇登场
21714	needs-review	0.31	Green Mushrooms	Golems Amok	寺院的石头人
21715	needs-review	0.20	Tree Witness	Camila's Testimony	卡米拉的证言
21717	needs-review	0.41	Rowen's Request 1	What Chief Stan Says 1	长老斯坦的委托1
21718	needs-review	0.41	Rowen's Request 2	What Chief Stan Says 2	长老斯坦的委托2
21727	needs-review	0.19	Zombie Mushrooms	The forest is getting out of control!	森林好乱！
28001	likely-same	0.81	In Preparation for the Party	[Happyville] In Preparation for the Party	派对准备
28102	needs-review	0.07	Amoria : Red Dahlia - Pirate	-	Amoria : Red Dahlia - Pirate
28103	needs-review	0.06	Amoria : Cupid's Courier - Pirate	-	Amoria : Cupid's Courier - Pirate
28104	needs-review	0.06	Amoria : Cupid's Courier - Pirate	-	Amoria : Cupid's Courier - Pirate
28162	needs-review	0.06	Meeting the Training Instructor	-	会见培训导师
28163	needs-review	0.10	Advanced Training-1	-	高级培训-1
28164	needs-review	0.10	Advanced Training-2	-	高级培训-2
28165	needs-review	0.06	Reporting the Training Results	-	报告培训结果
28166	needs-review	0.13	Meeting Ervine	-	会见欧文
28167	needs-review	0.08	Inspecting the Water Pipe	-	检查水管
28168	needs-review	0.13	Sticky Slimes!	-	粘连的绿水灵！
28169	needs-review	0.12	Visiting Henesys	-	造访射手村
28170	needs-review	0.07	What Does Chief Stan Like?	-	长老斯坦喜欢什么？
28171	needs-review	0.06	The Reason Why Chief Stan is Livid	-	长老斯坦为何暴跳如雷
28172	needs-review	0.10	Searching for Clues	-	寻找线索
28173	needs-review	0.07	Heading Over to The Nautilus!	-	仔细思考诺特勒斯的事情！
28174	needs-review	0.08	Investigation in Progress	-	调查正在进行
28175	needs-review	0.13	A Special Wine	-	特殊的酒
28176	needs-review	0.10	Solving the Mystery	-	解开谜团
28177	needs-review	0.10	Catching the Suspect	-	抓住嫌疑犯
28178	needs-review	0.12	Who Changed Him?	-	谁改变了他？
28179	needs-review	0.10	Dances with Andras!	-	与印第安老斑鸠共舞！
28180	needs-review	0.06	The First Encounter with Lucci	-	第一次与露西相遇
28181	needs-review	0.10	Rigorous Training-1	-	严格的培训-1
28182	needs-review	0.10	Rigorous Training-2	-	严格的培训-2
28183	needs-review	0.10	Rigorous Training-3	-	严格的培训-3
28184	needs-review	0.10	Rigorous Training-4	-	严格的培训-4
28185	needs-review	0.04	Reporting the Training Results to Grendel the Really Old	-	向汉斯报告培训结果
28186	needs-review	0.07	The Journey of the Nautilus	-	诺特勒斯的旅途
28187	needs-review	0.07	Show Kyrin What You've Got!	-	给凯琳看看你的收获！
28188	needs-review	0.07	Finding Chief Stan in Henesys	-	在射手村找到了长老斯坦
28189	needs-review	0.06	Ingredients for the Cold Medicine	-	感冒药配方
28190	needs-review	0.07	Delivering the Cold Medicine	-	运送感冒药
28191	needs-review	0.09	The Coughing Dark Lord	-	咳嗽的达克鲁的分身
28192	needs-review	0.09	Virus Sample Research	-	病毒标本研究
28193	needs-review	0.06	Virus is Spreading Via the Water?	-	病毒通过水传播？
28194	needs-review	0.12	Find the Clues!	-	找到线索！
28195	needs-review	0.18	To Perion!	-	向勇士部落进发！
28196	needs-review	0.08	The Demon Behind It All	-	背后的罪魁祸首
28197	needs-review	0.10	Returning to Ellinia	-	返回魔法密林
28198	needs-review	0.11	Marbas the Demon!	-	恶魔牛魔王！！
28199	needs-review	0.07	First Encounter with Ervine	-	第一次与欧文相遇
28200	needs-review	0.06	Even More Challenging Training-1	-	更具挑战性的培训-1
28201	needs-review	0.06	Even More Challenging Training-2	-	更具挑战性的培训-2
28202	needs-review	0.05	Reporting the Training Results to Dark Lord	-	向达克鲁的分身报告培训结果
28203	needs-review	0.17	Meeting Jay	-	会见亚华
28204	needs-review	0.11	Find the Lost Book	-	找到失落的书籍
28205	needs-review	0.07	Searching for the Lost Book	-	找寻失落的书籍
28206	needs-review	0.08	Returning the Book to Jay	-	将书籍还给亚华
28207	needs-review	0.07	Meeting Kyrin of The Nautilus	-	会见诺特勒斯的凯琳
28208	needs-review	0.12	Kyrin's Request	-	凯琳的要求
28209	needs-review	0.13	Baine Likes...	-	贝音喜欢…
28210	needs-review	0.06	Commotion on the Ship, No More!	-	舰船上不能再有暴乱了！
28211	needs-review	0.11	Next Stop, Ellinia	-	下一站，魔法密林
28212	needs-review	0.06	The Clue to Ellinia's Burglary Case	-	魔法密林飞贼犯罪事件线索
28213	needs-review	0.03	This Feather, For Some Reason, Seems To Be Related to Perion...	-	这个羽毛，似乎与勇士部落有关…
28214	needs-review	0.06	The Secret of the Golden Feather	-	金色羽毛的秘密
28215	needs-review	0.12	A Burglar Demon	-	飞贼恶魔
28216	needs-review	0.08	Returning to Kerning City	-	返回废都
28217	needs-review	0.11	The Demon Likes...	-	恶魔喜欢…
28218	needs-review	0.09	Shumi, the Coin Mania	-	休咪，货币狂人
28219	needs-review	0.13	Catch Valefor!	-	抓住沃勒福！
28220	needs-review	0.05	Encounter with Hill, the Antique Collector	-	遇见古董收藏商希尔
28221	needs-review	0.07	Show Me What You're Made Of-1	-	让我看看你的本事
28222	needs-review	0.07	Show Me What You're Made Of-2	-	让我看看你的本事-2
28223	needs-review	0.04	Reporting the Training Results to Athena Pierce	-	向赫丽娜报告培训结果
28224	needs-review	0.09	Delivering the Antique	-	运送古董
28225	needs-review	0.13	Antique Search	-	古董搜索
28226	needs-review	0.15	Back to Hill	-	回到希尔那里
28227	needs-review	0.10	The Cost of Delivery	-	运送成本
28228	needs-review	0.08	The Legend Has It That...	-	传说…
28229	needs-review	0.10	The Fairies Like...	-	仙女喜欢…
28230	needs-review	0.14	Solomon's Bow	-	所罗门之弓
28231	needs-review	0.05	Restoring the Memory of the Ancient Bow	-	恢复远古之弓的记忆
28232	needs-review	0.10	Another Storyteller	-	另一个讲故事的人
28233	needs-review	0.07	Putting the Legend to a Test	-	验证传说的真实性
28234	needs-review	0.10	Revival of the Demon	-	恶魔复苏
28235	needs-review	0.08	So the Demons Like Noise?	-	这么说来，恶魔喜欢噪音？
28236	needs-review	0.11	Catching the Demon	-	抓住恶魔
28237	needs-review	0.09	The Legendary Revival	-	传说般的复苏
28238	needs-review	0.06	The Final Battle with Amdusias	-	与黑暗独角兽的最终战役
28239	needs-review	0.12	Finding Muirhat	-	寻找木拉特
28240	needs-review	0.10	Rigorous Training!-1	-	严格的培训！-1
28241	needs-review	0.10	Rigorous Training!-2	-	严格的培训！-2
28242	needs-review	0.05	Reporting the Training Results to Kyrin	-	向凯琳报告培训结果
28243	needs-review	0.06	The Mystery of the Green Portion	-	绿色药水的秘密
28244	needs-review	0.08	Grendel the Really Tipsy	-	蹒跚老人汉斯
28245	needs-review	0.05	You Can't Teach an Old Dog New Tricks	-	你无法让守旧的人接受新事物
28246	needs-review	0.06	The Mystery of the Red Portion	-	红色药水的秘密
28247	needs-review	0.10	Something's Lacking	-	缺乏某样东西
28248	needs-review	0.07	Calming the Soul with Music	-	用音乐安抚灵魂
28249	needs-review	0.12	To Kerning City	-	前往废都
28250	needs-review	0.06	The Mystery of the White Portion	-	白色药水的秘密
28251	needs-review	0.07	The Completed Treasure Map	-	完成的藏宝图
28252	needs-review	0.07	Searching for the Treasures	-	搜寻宝藏
28253	needs-review	0.08	Where Are the Treasures?	-	宝藏在何处？
28254	needs-review	0.08	There Are No Treasures?!	-	根本没有宝藏？！
28255	needs-review	0.08	Searching for the Demon	-	搜寻恶魔
28256	needs-review	0.06	Treasure, and Crocell the Demon	-	宝藏与恶魔雪之猫女
28257	needs-review	0.07	Who Broke the Seal of Andras?	-	谁解开了印第安老斑鸠的封印？
28258	needs-review	0.06	Who Broke the Seal of Valefor?	-	谁解开了沃勒福的封印？
28259	needs-review	0.06	Who Broke the Seal of Amdusias?	-	谁解开了黑暗独角兽的封印？
28260	needs-review	0.06	Who Broke the Seal of Crocell?	-	谁解开了雪之猫女的封印？
28261	needs-review	0.07	Who Broke the Seal of Marbas?	-	谁解开了牛魔王的封印？
28262	needs-review	0.11	Revealed Identity	-	揭示的身份
28263	needs-review	0.07	The Rememberer's Training-1	-	记忆者培训-1
28264	needs-review	0.07	The Rememberer's Training-2	-	记忆者培训-2
28265	needs-review	0.07	The Rememberer's Training-3	-	记忆者培训-3
28266	needs-review	0.11	Secret of Astaroth	-	地狱大公的秘密
28267	needs-review	0.07	[Collect] I Need an Umbrella!	-	我需要一把雨伞！
28268	needs-review	0.05	[Hunt] The Pigs Are Ruining the Produce!	-	毁坏庄稼的一群猪！
28269	needs-review	0.05	[Hunt] The Terrorizing Red Ribbon Pigs	-	吓人的漂漂猪
28270	needs-review	0.08	[Hunt] Pigs at the Corner	-	角落中的猪猪
28271	needs-review	0.06	[Hunt] That Red Isn't For Everyone!	-	不是什么人都适合红色的！
28272	needs-review	0.07	[Hunt] Intimidating Octopuses	-	吓人的三眼章鱼
28273	needs-review	0.07	[Collect] Eww, It's Slimy!	-	呃，粘乎乎的!
28274	needs-review	0.06	[Hunt] Why Are Dark Stumps So Dark?	-	黑木妖为什么这么黑？
28275	needs-review	0.05	[Hunt] You Were Bitten by a Green Mushroom?	-	你被一只绿蘑菇咬了？
28276	needs-review	0.04	[Hunt] Drowsiness from the Orange Mushrooms?	-	花蘑菇造成眩晕？
28277	needs-review	0.07	[Hunt] Camouflaging Slimes	-	伪装的绿水灵
28278	needs-review	0.06	[Hunt] Destructively Strong Pigs	-	破坏力巨大的猪猪
28279	needs-review	0.05	[Collect] Red Ribbons Around the Pig's Neck	-	猪脖子周围的蝴蝶结
28280	needs-review	0.08	[Hunt] Sweep the Snails!	-	清理这些蜗牛！
28281	needs-review	0.04	[Collect] Preparations for the Traditional Ceremony	-	准备传统仪式
28282	needs-review	0.09	How to Avoid the Stink	-	如何躲避斯廷克
28283	needs-review	0.06	For the peace of Victoria Island...	-	为了金银岛的和平…
28287	likely-same	0.83	Witch Malady's Secret Mission	[Halloween] Witch Malady's Secret Mission	Witch Malady's Secret Mission
28288	likely-same	0.88	Stinky Seasoned Cursed Frog Eggs and Mushrooms	[Halloween] Stinky Seasoned Cursed Frog Eggs and Mushrooms	Stinky Seasoned Cursed Frog Eggs and M
28289	likely-same	0.82	Dreamy Bloody Mushroom Wine	[Halloween] Dreamy Bloody Mushroom Wine	Dreamy Bloody Mushroom Wine
28290	likely-same	0.88	The Highlight of a Witch Party! Slimy Canape	[Halloween] The Highlight of a Witch Party! Slimy Canape	The Highlight of a Witch Party! Slimy
28291	likely-same	0.71	Really Zingy Kabab	[Halloween] Really Zingy Kebab	Really Zingy Kebab
28292	likely-same	0.74	Stinky Swamp Wrap	[Halloween] Stinky Swamp Wrap	Stinky Swamp Wrap
28293	likely-same	0.88	Chew on it if you can! Rough Leather Steak	[Halloween] Chew on it if you can! Rough Leather Steak	Chew on it if you can! Rough Leather S
28294	likely-same	0.77	Witch's Special Stew	[Halloween] Witch's Special Stew	Witch's Special Stew
28295	likely-same	0.75	Witch's Dark Token	[Halloween] Witch's Dark Token	Witch's Dark Token
28296	likely-same	0.75	Butler: "The Trap"	[Halloween] Butler: 'The Trap'	Butler: 'The Trap'
28297	likely-same	0.75	Butler: "The Trap"	[Halloween] Butler: 'The Trap'	Butler: 'The Trap'
28298	likely-same	0.75	Butler: "The Trap"	[Halloween] Butler: 'The Trap'	Butler: 'The Trap'
28302	likely-same	0.74	Olivia: "Help Me"	[Halloween] Olivia: 'Help Me'	Olivia: 'Help Me'
28303	likely-same	0.79	Olivia: "Find My Daddy"	[Halloween] Olivia: 'Find My Daddy'	Olivia: 'Find My Daddy'
28304	likely-same	0.80	Olivia: "Bring My Daddy"	[Halloween] Olivia: 'Bring My Daddy'	Olivia: 'Bring My Daddy'
28305	likely-same	0.77	Joe: "Clear the Way"	[Halloween] Joe: 'Clear the Way'	Joe: 'Clear the Way'
28306	likely-same	0.78	Father: "Dirty House"	[Halloween] Father: 'Dirty House'	Father: 'Dirty House'
28307	likely-same	0.86	Steward: "I'm a Butler, Not a Maid!"	[Halloween] Steward: 'I'm a Butler, Not a Maid!'	Steward: 'I'm a Butler, Not a Maid!'
28308	likely-same	0.81	Jonas: "Jonas' Presence" 1	[Halloween] Jonas: 'Jonas' Presence' 1	Jonas: 'Jonas' Presence' 1
28309	likely-same	0.74	Olivia: "Help Me"	[Halloween] Olivia: 'Help Me'	Olivia: 'Help Me'
28310	likely-same	0.79	Olivia: "Find My Daddy"	[Halloween] Olivia: 'Find My Daddy'	Olivia: 'Find My Daddy'
28311	likely-same	0.80	Olivia: "Bring My Daddy"	[Halloween] Olivia: 'Bring My Daddy'	Olivia: 'Bring My Daddy'
28312	likely-same	0.77	Joe: "Clear the Way"	[Halloween] Joe: 'Clear the Way'	Joe: 'Clear the Way'
28313	likely-same	0.78	Father: "Dirty House"	[Halloween] Father: 'Dirty House'	Father: 'Dirty House'
28314	likely-same	0.86	Steward: "I'm a Butler, Not a Maid!"	[Halloween] Steward: 'I'm a Butler, Not a Maid!'	Steward: 'I'm a Butler, Not a Maid!'
28315	likely-same	0.81	Jonas: "Jonas' Presence" 2	[Halloween] Jonas: 'Jonas' Presence' 2	Jonas: 'Jonas' Presence' 2
28316	likely-same	0.74	Olivia: "Help Me"	[Halloween] Olivia: 'Help Me'	Olivia: 'Help Me'
28317	likely-same	0.79	Olivia: "Find My Daddy"	[Halloween] Olivia: 'Find My Daddy'	Olivia: 'Find My Daddy'
28318	likely-same	0.80	Olivia: "Bring My Daddy"	[Halloween] Olivia: 'Bring My Daddy'	Olivia: 'Bring My Daddy'
28319	likely-same	0.77	Joe: "Clear the Way"	[Halloween] Joe: 'Clear the Way'	Joe: 'Clear the Way'
28320	likely-same	0.78	Father: "Dirty House"	[Halloween] Father: 'Dirty House'	Father: 'Dirty House'
28321	likely-same	0.86	Steward: "I'm a Butler, Not a Maid!"	[Halloween] Steward: 'I'm a Butler, Not a Maid!'	Steward: 'I'm a Butler, Not a Maid!'
28322	likely-same	0.81	Jonas: "Jonas' Presence" 3	[Halloween] Jonas: 'Jonas' Presence' 3	Jonas: 'Jonas' Presence' 3
28325	needs-review	0.11	Dirty Treasure Map	-	肮脏的藏宝图
28344	needs-review	0.44	Hunter's Profission	Hunter's Luck - Week 6	Hunter's Luck - Week 6
29000	needs-review	0.47	Title Challenge - PQ Mania	PQ Mania	组队任务狂人
29001	likely-same	0.64	Title Challenge - Quest Specialist	Quest Specialist	任务狂人
29002	needs-review	0.49	Title Challenge - Celebrity!	Celebrity	超人气王
29003	likely-same	0.65	Title Challenge - Diligent Explorer	Diligent Explorer	诚实的冒险家
29004	likely-same	0.93	One Who's Touched the Sky	The One Who's Touched the Sky	站在巅峰的人
29006	likely-same	0.86	El Nath Mts. Explorer	El Nath Explorer	冰峰雪域山脉探险家
29016	likely-same	0.78	Title - Spirit Diviner	Spirit Diviner	安灵师
29017	needs-review	0.29	Title - Soul Conjurer	Spirit Walker	阴阳师
29018	likely-same	0.76	Title - Soul Guardian	Soul Guardian	退魔师
29019	likely-same	0.78	Title - Saint Exorcist	Saint Exorcist	神圣驱魔
29020	likely-same	0.75	Title - Dynamic Hair	Dynamic Hair	发型变换达人
29300	likely-same	0.64	Title Challenge - Ultimate Warrior	Ultimate Warrior	挑战称号 - 达到顶点的战士
29301	likely-same	0.65	Title Challenge - Ultimate Magician	Ultimate Magician	挑战称号 - 达到顶点的魔法师
29302	likely-same	0.62	Title Challenge - Ultimate Archer	Ultimate Archer	挑战称号 - 达到顶点的弓箭手
29303	likely-same	0.61	Title Challenge - Ultimate Thief	Ultimate Thief	挑战称号 - 达到顶点的飞侠
29304	likely-same	0.62	Title Challenge - Ultimate Pirate	Ultimate Pirate	挑战称号 - 达到顶点的海盗
29400	likely-same	0.61	Title Challenge - Veteran Hunter	Veteran Hunter	勤奋冒险家
29500	needs-review	0.47	Title Challenge - Maple Idol Star	Maple Idol	冒险岛偶像明星
29501	needs-review	0.59	Title Challenge - Horned Tail Slayer	Horntail Slayer	黑暗龙王征服者
29502	likely-same	0.64	Title Challenge - Pink Bean Slayer	Pink Bean Slayer	品克缤征服者
29503	needs-review	0.22	Title Challenge - Donation King	Donor	爱心使者
29509	likely-same	0.62	Persevering Challenger	Endless Challenge	无尽挑战
29916	likely-same	0.81	Henesys Donor Medal	Henesys Donor	射手村爱心使者
29917	likely-same	0.81	Ellinia Donor Medal	Ellinia Donor	魔法密林爱心使者
29918	likely-same	0.80	Perion Donor Medal	Perion Donor	勇士部落爱心使者
29919	likely-same	0.86	Kerning City Donor Medal	Kerning City Donor	废弃都市爱心使者
29920	likely-same	0.84	Sleepywood Donor Medal	Sleepywood Donor	林中之城爱心使者
29921	likely-same	0.82	Nautilus Donor Medal	Nautilus Donor	诺特勒斯爱心使者
29924	needs-review	0.55	The Revived Aran	Awakened Aran	苏醒的战神
29925	likely-same	0.90	Aran and Memory	Aran in Memory	记忆中的战神
29926	likely-same	0.67	Aran in Agony	Aran in Misery	试炼中的战神
29927	likely-same	0.83	Aran of Hope	Aran in Hope	希望中的战神
29931	needs-review	0.56	Honorary Subway Worker	Honorary Employee	荣誉乘务员
